<?xml version="1.0" encoding="UTF-8"?>
<project-private xmlns="http://www.netbeans.org/ns/project-private/1">
    <editor-bookmarks xmlns="http://www.netbeans.org/ns/editor-bookmarks/2" lastBookmarkId="0"/>
    <open-files xmlns="http://www.netbeans.org/ns/projectui-open-files/2">
        <group>
            <file>file:/C:/Users/joshu/OneDrive/Documents/NetBeansProjects/EcoMeter/src/ecometer/EcoMeter/CarbonFootprintTracker.java</file>
            <file>file:/C:/Users/joshu/OneDrive/Documents/NetBeansProjects/EcoMeter/src/ecometer/EcoMeter/EmissionsCalculator.java</file>
            <file>file:/C:/Users/joshu/OneDrive/Documents/NetBeansProjects/EcoMeter/src/ecometer/EcoMeter/MainMenu.java</file>
            <file>file:/C:/Users/joshu/OneDrive/Documents/NetBeansProjects/EcoMeter/src/ecometer/EcoMeter/TransportTrackerGUI_1.java</file>
            <file>file:/C:/Users/joshu/OneDrive/Documents/NetBeansProjects/EcoMeter/src/ecometer/EcoMeter/EmissionsRecord.java</file>
        </group>
    </open-files>
</project-private>
